{
  "speaker": [
    "Donald Trump"
  ],
  "total_words": 775820,
  "total_stop_words": 336091,
  "total_matches": 78657,
  "total_entries": 56571,
  "basic_emotions": {
    "anger-NRC-Emotion-Intensity-Lexicon-v1": 8506.771000000166,
    "anticipation-NRC-Emotion-Intensity-Lexicon-v1": 12465.560999999607,
    "disgust-NRC-Emotion-Intensity-Lexicon-v1": 5149.410999999923,
    "fear-NRC-Emotion-Intensity-Lexicon-v1": 9968.249000000062,
    "joy-NRC-Emotion-Intensity-Lexicon-v1": 15255.808000000136,
    "sadness-NRC-Emotion-Intensity-Lexicon-v1": 8770.070999999882,
    "surprise-NRC-Emotion-Intensity-Lexicon-v1": 4989.817000000089,
    "trust-NRC-Emotion-Intensity-Lexicon-v1": 20030.661000000444
  },
  "complex_emotions": {
    "anticipation-trust": 647.4960000000051,
    "trust-anticipation": 647.4960000000051,
    "anticipation-surprise": 122.39699999999998,
    "surprise-anticipation": 122.39699999999998,
    "surprise-trust": 120.17200000000022,
    "trust-surprise": 113.23600000000019,
    "anticipation-fear": 432.1759999999973,
    "disgust-fear": 382.3539999999979,
    "fear-anticipation": 385.7899999999978,
    "fear-disgust": 382.3539999999979,
    "fear-surprise": 453.9639999999976,
    "fear-trust": 383.2599999999979,
    "surprise-fear": 453.9639999999976,
    "trust-fear": 383.2599999999979,
    "anger-fear": 360.7739999999981,
    "fear-anger": 329.32499999999874,
    "fear-sadness": 341.025999999999,
    "sadness-fear": 341.025999999999,
    "anticipation-anger": 126.47600000000003,
    "anticipation-disgust": 65.88400000000006,
    "anticipation-joy": 103.81399999999995,
    "anticipation-sadness": 116.78299999999983,
    "anger-surprise": 148.26400000000032,
    "disgust-surprise": 92.34100000000015,
    "joy-surprise": 125.6020000000002,
    "sadness-surprise": 138.5710000000001,
    "surprise-anger": 148.26400000000032,
    "surprise-disgust": 93.22400000000017,
    "surprise-joy": 125.6020000000002,
    "surprise-sadness": 138.5710000000001,
    "fear-joy": 311.0969999999996,
    "joy-fear": 311.0969999999996,
    "disgust-sadness": 66.96099999999994,
    "sadness-anticipation": 70.39699999999995,
    "sadness-disgust": 66.96099999999994,
    "sadness-trust": 67.86699999999995,
    "trust-sadness": 67.86699999999995,
    "joy-anticipation": 57.42799999999997,
    "joy-trust": 54.897999999999975,
    "trust-joy": 54.897999999999975,
    "anger-sadness": 103.85700000000003,
    "joy-sadness": 83.71699999999993,
    "sadness-anger": 103.85700000000003,
    "sadness-joy": 83.71699999999993,
    "anger-joy": 107.48200000000004,
    "disgust-joy": 46.59999999999998,
    "joy-anger": 105.60600000000004,
    "joy-disgust": 46.59999999999998,
    "disgust-trust": 23.807999999999993,
    "trust-disgust": 23.807999999999993,
    "disgust-anticipation": 19.498,
    "anger-anticipation": 80.09000000000007,
    "anger-trust": 77.56000000000007,
    "disgust-anger": 75.73200000000007,
    "trust-anger": 77.56000000000007
  },
  "main_emotion": [
    "trust",
    "joy",
    "anticipation"
  ],
  "computed_scores": {
    "anger-NRC-Emotion-Intensity-Lexicon-v1": 0.0193,
    "anticipation-NRC-Emotion-Intensity-Lexicon-v1": 0.0283,
    "disgust-NRC-Emotion-Intensity-Lexicon-v1": 0.0117,
    "fear-NRC-Emotion-Intensity-Lexicon-v1": 0.0227,
    "joy-NRC-Emotion-Intensity-Lexicon-v1": 0.0347,
    "sadness-NRC-Emotion-Intensity-Lexicon-v1": 0.0199,
    "surprise-NRC-Emotion-Intensity-Lexicon-v1": 0.0113,
    "trust-NRC-Emotion-Intensity-Lexicon-v1": 0.0456,
    "anticipation-trust": 0.0015,
    "trust-anticipation": 0.0015,
    "anticipation-surprise": 0.0003,
    "surprise-anticipation": 0.0003,
    "surprise-trust": 0.0003,
    "trust-surprise": 0.0003,
    "anticipation-fear": 0.001,
    "disgust-fear": 0.0009,
    "fear-anticipation": 0.0009,
    "fear-disgust": 0.0009,
    "fear-surprise": 0.001,
    "fear-trust": 0.0009,
    "surprise-fear": 0.001,
    "trust-fear": 0.0009,
    "anger-fear": 0.0008,
    "fear-anger": 0.0007,
    "fear-sadness": 0.0008,
    "sadness-fear": 0.0008,
    "anticipation-anger": 0.0003,
    "anticipation-disgust": 0.0001,
    "anticipation-joy": 0.0002,
    "anticipation-sadness": 0.0003,
    "anger-surprise": 0.0003,
    "disgust-surprise": 0.0002,
    "joy-surprise": 0.0003,
    "sadness-surprise": 0.0003,
    "surprise-anger": 0.0003,
    "surprise-disgust": 0.0002,
    "surprise-joy": 0.0003,
    "surprise-sadness": 0.0003,
    "fear-joy": 0.0007,
    "joy-fear": 0.0007,
    "disgust-sadness": 0.0002,
    "sadness-anticipation": 0.0002,
    "sadness-disgust": 0.0002,
    "sadness-trust": 0.0002,
    "trust-sadness": 0.0002,
    "joy-anticipation": 0.0001,
    "joy-trust": 0.0001,
    "trust-joy": 0.0001,
    "anger-sadness": 0.0002,
    "joy-sadness": 0.0002,
    "sadness-anger": 0.0002,
    "sadness-joy": 0.0002,
    "anger-joy": 0.0002,
    "disgust-joy": 0.0001,
    "joy-anger": 0.0002,
    "joy-disgust": 0.0001,
    "disgust-trust": 0.0001,
    "trust-disgust": 0.0001,
    "disgust-anticipation": 0.0,
    "anger-anticipation": 0.0002,
    "anger-trust": 0.0002,
    "disgust-anger": 0.0002,
    "trust-anger": 0.0002
  }
}